Designator,Val,Package,Mid X,Mid Y,Rotation,Layer
C3,1u,C_0603_1608Metric,135.8,-102.6,90.0,top
C4,1u,C_0603_1608Metric,148.3,-81.7,0.0,top
C5,1u,C_0603_1608Metric,200.8,-142.3,0.0,top
C6,1u,C_0603_1608Metric,111.0,-153.5,90.0,top
C7,1u,C_0603_1608Metric,178.7,-105.1,0.0,top
C8,1u,C_0603_1608Metric,204.075,-143.8,180.0,top
C9,1u,C_0603_1608Metric,196.0,-105.0,180.0,top
C10,1u,C_0603_1608Metric,204.075,-142.3,180.0,top
C11,1u,C_0603_1608Metric,159.4,-81.7,0.0,top
C12,1u,C_0603_1608Metric,165.9,-105.1,0.0,top
C13,1u,C_0603_1608Metric,188.5,-105.0,180.0,top
C14,1u,C_0603_1608Metric,181.9,-105.1,0.0,top
C15,22u,C_1206_3216Metric,117.0,-123.524999,-90.0,top
C16,100nf,C_0603_1608Metric,213.5,-163.4,-90.0,top
C17,20pf,C_0603_1608Metric,211.9,-150.2,-90.0,top
C18,100nf,C_0603_1608Metric,201.5,-166.4,-90.0,top
C19,20pf,C_0603_1608Metric,206.1,-150.2,90.0,top
C20,100nf,C_0603_1608Metric,201.5,-151.0,90.0,top
C21,1uf,C_0603_1608Metric,200.0,-166.4,-90.0,top
C22,100nf,C_0603_1608Metric,199.0,-157.9,180.0,top
C23,100nf,C_0603_1608Metric,213.0,-159.4,0.0,top
C24,1uf,C_0603_1608Metric,199.0,-159.4,180.0,top
C25,100nf,C_0603_1608Metric,200.0,-163.4,180.0,top
C26,100nf,C_0603_1608Metric,213.0,-156.4,0.0,top
C27,100nf,C_0603_1608Metric,213.0,-157.9,0.0,top
C28,100nf,C_0603_1608Metric,203.0,-151.0,90.0,top
C29,100nf,C_0603_1608Metric,204.5,-151.0,90.0,top
C30,1n,C_1206_3216Metric,101.4,-18.85,-90.0,top
C31,1n,C_1206_3216Metric,109.4,-18.7125,-90.0,top
C32,1n,C_1206_3216Metric,117.5,-18.7125,-90.0,top
C33,1n,C_1206_3216Metric,117.35,-37.7125,-90.0,top
C34,1n,C_1206_3216Metric,117.4,-56.7125,-90.0,top
C35,1n,C_1206_3216Metric,117.4375,-94.75,-90.0,top
C36,1n,C_1206_3216Metric,125.4375,-18.75,-90.0,top
C37,1n,C_1206_3216Metric,117.4375,-75.75,-90.0,top
C38,1n,C_1206_3216Metric,125.4,-37.75,-90.0,top
C39,1n,C_1206_3216Metric,125.4375,-75.75,-90.0,top
C40,1n,C_1206_3216Metric,125.4375,-94.75,-90.0,top
C41,1n,C_1206_3216Metric,125.4375,-56.75,-90.0,top
C42,1n,C_1206_3216Metric,133.4375,-18.75,-90.0,top
C43,1n,C_1206_3216Metric,141.4,-18.75,-90.0,top
C44,1n,C_1206_3216Metric,133.4375,-94.75,-90.0,top
C45,1n,C_1206_3216Metric,133.4375,-37.75,-90.0,top
C46,1n,C_1206_3216Metric,133.4375,-75.75,-90.0,top
C47,1n,C_1206_3216Metric,149.4375,-18.75,-90.0,top
C48,1n,C_1206_3216Metric,141.4,-75.85,-90.0,top
C49,1n,C_1206_3216Metric,133.4375,-56.75,-90.0,top
C50,1n,C_1206_3216Metric,141.4,-56.85,-90.0,top
C51,1n,C_1206_3216Metric,149.4375,-56.75,-90.0,top
C52,1n,C_1206_3216Metric,149.4,-37.7125,-90.0,top
C53,1n,C_1206_3216Metric,141.4375,-37.75,-90.0,top
C54,1n,C_1206_3216Metric,157.4375,-56.75,-90.0,top
C55,1n,C_1206_3216Metric,157.4375,-18.75,-90.0,top
C56,1n,C_1206_3216Metric,165.4375,-56.75,-90.0,top
C57,1n,C_1206_3216Metric,157.4375,-37.75,-90.0,top
C58,1n,C_1206_3216Metric,165.4375,-37.75,-90.0,top
C59,1n,C_1206_3216Metric,173.4,-75.85,-90.0,top
C60,1n,C_1206_3216Metric,173.4375,-56.75,-90.0,top
C61,1n,C_1206_3216Metric,165.4375,-18.75,-90.0,top
C62,1n,C_1206_3216Metric,173.4375,-37.75,-90.0,top
C63,1n,C_1206_3216Metric,181.4,-75.75,-90.0,top
C64,1n,C_1206_3216Metric,181.4,-56.75,-90.0,top
C65,1n,C_1206_3216Metric,173.4375,-18.75,-90.0,top
C66,1n,C_1206_3216Metric,181.4375,-37.75,-90.0,top
C67,1n,C_1206_3216Metric,189.4,-75.75,-90.0,top
C68,1n,C_1206_3216Metric,189.4,-56.75,-90.0,top
C69,1n,C_1206_3216Metric,181.4375,-18.75,-90.0,top
C70,1n,C_1206_3216Metric,189.4375,-37.75,-90.0,top
C71,1n,C_1206_3216Metric,197.4375,-75.75,-90.0,top
C72,1n,C_1206_3216Metric,197.4375,-56.75,-90.0,top
C73,1n,C_1206_3216Metric,189.4375,-18.75,-90.0,top
C74,1n,C_1206_3216Metric,197.4375,-37.75,-90.0,top
C75,1n,C_1206_3216Metric,205.4,-75.85,-90.0,top
C76,1n,C_1206_3216Metric,205.4,-56.85,-90.0,top
C77,1n,C_1206_3216Metric,197.4375,-18.75,-90.0,top
C78,1n,C_1206_3216Metric,205.4,-37.85,-90.0,top
C79,1n,C_1206_3216Metric,213.4,-94.85,-90.0,top
C80,1n,C_1206_3216Metric,213.4,-75.85,-90.0,top
C81,1n,C_1206_3216Metric,205.4,-18.85,-90.0,top
C82,1n,C_1206_3216Metric,213.4375,-56.75,-90.0,top
C83,1n,C_1206_3216Metric,213.4,-18.85,-90.0,top
C84,1n,C_1206_3216Metric,221.4,-94.85,-90.0,top
C85,1n,C_1206_3216Metric,213.4375,-37.75,-90.0,top
C86,1n,C_1206_3216Metric,221.4375,-75.75,-90.0,top
C87,1n,C_1206_3216Metric,221.4,-37.7125,-90.0,top
C88,1n,C_1206_3216Metric,221.4,-18.7125,-90.0,top
C89,1n,C_1206_3216Metric,221.4375,-56.75,-90.0,top
C90,1n,C_1206_3216Metric,229.4,-94.85,-90.0,top
C91,1n,C_1206_3216Metric,229.4,-56.85,-90.0,top
C92,1n,C_1206_3216Metric,229.4,-37.7125,-90.0,top
C93,1n,C_1206_3216Metric,229.4375,-75.75,-90.0,top
C94,22u,C_1206_3216Metric,113.5,-149.0,90.0,top
C95,100n,C_0603_1608Metric,124.5,-119.5,0.0,top
C96,100n,C_0603_1608Metric,124.5,-116.5,180.0,top
C97,22u,C_1206_3216Metric,122.2,-123.6,-90.0,top
C98,22u,C_1206_3216Metric,124.7,-123.6,90.0,top
C99,100n,C_0603_1608Metric,118.6,-119.8,0.0,top
C100,100n,C_0603_1608Metric,147.0,-124.5,-90.0,top
C102,100n,C_0603_1608Metric,145.0,-110.0,90.0,top
C103,100u,CP_Elec_8x10,139.5,-110.0,270.0,top
C105,4.7uF 500V,C_Elec_8x10.2,131.0,-121.0,-90.0,top
C107,10nF,C_0603_1608Metric,230.0,-146.1,180.0,top
C108,100u,CP_Elec_8x10,219.0,-166.0,90.0,top
C109,22u,C_1206_3216Metric,224.0,-142.6,90.0,top
C1001,1uF,C_0603_1608Metric,111.4125,-109.1125,180.0,top
C1002,1uF,C_0603_1608Metric,107.0,-111.25,-90.0,top
C1003,1uF,C_0603_1608Metric,106.5,-45.0,-90.0,top
C1004,1uF,C_0603_1608Metric,108.94,-129.7,180.0,top
C1005,1uF,C_0603_1608Metric,107.0,-100.25,-90.0,top
C1006,1uF,C_0603_1608Metric,108.0,-118.0,0.0,top
C1007,1uF,C_0603_1608Metric,107.0,-89.25,-90.0,top
C1008,1uF,C_0603_1608Metric,107.0,-78.25,-90.0,top
C1009,1uF,C_0603_1608Metric,108.24,-38.725,90.0,top
C1010,1uF,C_0603_1608Metric,107.0,-67.25,-90.0,top
C1011,1uF,C_0603_1608Metric,106.9,-56.4,90.0,top
D1,LED,LED_0603_1608Metric,169.7125,-91.0,180.0,top
D2,LED,LED_0603_1608Metric,111.0,-116.5,180.0,top
D3,LED,LED_0603_1608Metric,111.0,-115.0,180.0,top
D4,LED,LED_0603_1608Metric,169.712499,-92.5,180.0,top
D5,LED,LED_0603_1608Metric,207.5,-147.0,0.0,top
D6,LED,LED_0603_1608Metric,207.5,-145.5,0.0,top
D7,LED,LED_0603_1608Metric,118.675,-110.525,90.0,top
D8,D,D_SMA,111.1,-132.2,180.0,top
D9,D,D_SOD-323,101.4,-26.35,-90.0,top
D10,D,D_SOD-323,96.9,-18.6,-90.0,top
D11,D,D_SOD-323,109.75,-26.3625,-90.0,top
D12,D,D_SOD-323,104.8,-18.4625,-90.0,top
D13,D,D_SOD-323,117.75,-26.4625,-90.0,top
D14,D,D_SOD-323,112.75,-18.4625,-90.0,top
D15,D,D_SOD-323,117.55,-45.2375,-90.0,top
D16,D,D_SOD-323,112.8625,-37.6,-90.0,top
D17,D,D_SOD-323,117.4,-64.2125,-90.0,top
D18,D,D_SOD-323,112.9,-56.4625,-90.0,top
D19,D,D_SOD-323,117.4375,-102.25,-90.0,top
D20,D,D_SOD-323,112.9375,-94.5,-90.0,top
D21,D,D_SOD-323,125.4375,-26.25,-90.0,top
D22,D,D_SOD-323,120.9375,-18.5,-90.0,top
D23,D,D_SOD-323,117.4375,-83.25,-90.0,top
D24,D,D_SOD-323,112.9375,-75.5,-90.0,top
D25,D,D_SOD-323,125.4,-45.25,-90.0,top
D26,D,D_SOD-323,120.9,-37.5,-90.0,top
D27,D,D_SOD-323,125.4375,-83.25,-90.0,top
D28,D,D_SOD-323,120.9375,-75.5,-90.0,top
D29,D,D_SOD-323,125.4375,-102.25,-90.0,top
D30,D,D_SOD-323,120.9375,-94.5,-90.0,top
D31,D,D_SOD-323,125.4375,-64.25,-90.0,top
D32,D,D_SOD-323,120.9375,-56.5,-90.0,top
D33,D,D_SOD-323,133.4375,-26.25,-90.0,top
D34,D,D_SOD-323,128.9375,-18.5,-90.0,top
D35,D,D_SOD-323,141.4,-26.25,-90.0,top
D36,D,D_SOD-323,136.9,-18.5,-90.0,top
D37,D,D_SOD-323,133.4375,-102.25,-90.0,top
D38,D,D_SOD-323,128.9375,-94.5,-90.0,top
D39,D,D_SOD-323,133.4375,-45.25,-90.0,top
D40,D,D_SOD-323,128.9375,-37.5,-90.0,top
D41,D,D_SOD-323,133.4375,-83.25,-90.0,top
D42,D,D_SOD-323,128.9375,-75.5,-90.0,top
D43,D,D_SOD-323,149.4375,-26.25,-90.0,top
D44,D,D_SOD-323,144.9375,-18.5,-90.0,top
D45,D,D_SOD-323,141.4,-83.35,-90.0,top
D46,D,D_SOD-323,136.9,-75.6,-90.0,top
D47,D,D_SOD-323,133.4375,-64.25,-90.0,top
D48,D,D_SOD-323,128.9375,-56.5,-90.0,top
D49,D,D_SOD-323,141.4,-64.35,-90.0,top
D50,D,D_SOD-323,136.9,-56.6,-90.0,top
D51,D,D_SOD-323,149.4375,-64.25,-90.0,top
D52,D,D_SOD-323,144.9375,-56.5,-90.0,top
D53,D,D_SOD-323,149.4,-45.2125,-90.0,top
D54,D,D_SOD-323,144.9,-37.4625,-90.0,top
D55,D,D_SOD-323,141.4375,-45.25,-90.0,top
D56,D,D_SOD-323,136.9375,-37.5,-90.0,top
D57,D,D_SOD-323,157.4375,-64.25,-90.0,top
D58,D,D_SOD-323,152.9375,-56.5,-90.0,top
D59,D,D_SOD-323,157.4375,-26.25,-90.0,top
D60,D,D_SOD-323,152.9375,-18.5,-90.0,top
D61,D,D_SOD-323,165.4375,-64.25,-90.0,top
D62,D,D_SOD-323,160.9375,-56.5,-90.0,top
D63,D,D_SOD-323,157.4375,-45.25,-90.0,top
D64,D,D_SOD-323,152.9375,-37.5,-90.0,top
D65,D,D_SOD-323,165.4375,-45.25,-90.0,top
D66,D,D_SOD-323,160.9375,-37.5,-90.0,top
D67,D,D_SOD-323,173.4,-83.35,-90.0,top
D68,D,D_SOD-323,168.9,-75.6,-90.0,top
D69,D,D_SOD-323,173.4375,-64.25,-90.0,top
D70,D,D_SOD-323,168.9375,-56.5,-90.0,top
D71,D,D_SOD-323,165.4375,-26.25,-90.0,top
D72,D,D_SOD-323,160.9375,-18.5,-90.0,top
D73,D,D_SOD-323,173.4375,-45.25,-90.0,top
D74,D,D_SOD-323,168.9375,-37.5,-90.0,top
D75,D,D_SOD-323,181.4,-83.25,-90.0,top
D76,D,D_SOD-323,176.9,-75.5,-90.0,top
D77,D,D_SOD-323,181.4,-64.25,-90.0,top
D78,D,D_SOD-323,176.9,-56.5,-90.0,top
D79,D,D_SOD-323,173.4375,-26.25,-90.0,top
D80,D,D_SOD-323,168.9375,-18.5,-90.0,top
D81,D,D_SOD-323,181.4375,-45.25,-90.0,top
D82,D,D_SOD-323,176.9375,-37.5,-90.0,top
D83,D,D_SOD-323,189.4,-83.25,-90.0,top
D84,D,D_SOD-323,184.9,-75.5,-90.0,top
D85,D,D_SOD-323,189.4,-64.25,-90.0,top
D86,D,D_SOD-323,184.9,-56.5,-90.0,top
D87,D,D_SOD-323,181.4375,-26.25,-90.0,top
D88,D,D_SOD-323,176.9375,-18.5,-90.0,top
D89,D,D_SOD-323,189.4375,-45.25,-90.0,top
D90,D,D_SOD-323,184.9375,-37.5,-90.0,top
D91,D,D_SOD-323,197.4375,-83.25,-90.0,top
D92,D,D_SOD-323,192.9375,-75.5,-90.0,top
D93,D,D_SOD-323,197.4375,-64.25,-90.0,top
D94,D,D_SOD-323,192.9375,-56.5,-90.0,top
D95,D,D_SOD-323,189.4375,-26.25,-90.0,top
D96,D,D_SOD-323,184.9375,-18.5,-90.0,top
D97,D,D_SOD-323,197.4375,-45.25,-90.0,top
D98,D,D_SOD-323,192.9375,-37.5,-90.0,top
D99,D,D_SOD-323,205.4,-83.35,-90.0,top
D100,D,D_SOD-323,200.9,-75.6,-90.0,top
D101,D,D_SOD-323,205.4,-64.35,-90.0,top
D102,D,D_SOD-323,200.9,-56.6,-90.0,top
D103,D,D_SOD-323,197.4375,-26.25,-90.0,top
D104,D,D_SOD-323,192.9375,-18.5,-90.0,top
D105,D,D_SOD-323,205.4,-45.35,-90.0,top
D106,D,D_SOD-323,200.9,-37.6,-90.0,top
D107,D,D_SOD-323,213.4,-102.35,-90.0,top
D108,D,D_SOD-323,208.9,-94.6,-90.0,top
D109,D,D_SOD-323,213.4,-83.35,-90.0,top
D110,D,D_SOD-323,208.9,-75.6,-90.0,top
D111,D,D_SOD-323,205.4,-26.35,-90.0,top
D112,D,D_SOD-323,200.9,-18.6,-90.0,top
D113,D,D_SOD-323,213.4375,-64.25,-90.0,top
D114,D,D_SOD-323,208.9375,-56.5,-90.0,top
D115,D,D_SOD-323,213.4,-26.35,-90.0,top
D116,D,D_SOD-323,208.9,-18.6,-90.0,top
D117,D,D_SOD-323,221.4,-102.35,-90.0,top
D118,D,D_SOD-323,216.9,-94.6,-90.0,top
D119,D,D_SOD-323,213.4375,-45.25,-90.0,top
D120,D,D_SOD-323,208.9375,-37.5,-90.0,top
D121,D,D_SOD-323,221.4375,-83.25,-90.0,top
D122,D,D_SOD-323,216.9375,-75.5,-90.0,top
D123,D,D_SOD-323,221.4,-45.2125,-90.0,top
D124,D,D_SOD-323,216.9,-37.4625,-90.0,top
D125,D,D_SOD-323,221.4,-26.2125,-90.0,top
D126,D,D_SOD-323,216.9,-18.4625,-90.0,top
D127,D,D_SOD-323,221.4375,-64.25,-90.0,top
D128,D,D_SOD-323,216.9375,-56.5,-90.0,top
D129,D,D_SOD-323,229.4,-102.35,-90.0,top
D130,D,D_SOD-323,224.9,-94.6,-90.0,top
D131,D,D_SOD-323,229.4,-64.35,-90.0,top
D132,D,D_SOD-323,224.9,-56.6,-90.0,top
D133,D,D_SOD-323,229.4,-45.2125,-90.0,top
D134,D,D_SOD-323,224.9,-37.4625,-90.0,top
D135,D,D_SOD-323,229.4375,-83.25,-90.0,top
D136,D,D_SOD-323,224.9375,-75.5,-90.0,top
D137,D,D_SMB,217.0,-147.150001,90.0,top
D138,D,D_SMB,139.650001,-118.0,0.0,top
D139,LED,LED_0603_1608Metric,207.5,-144.0,0.0,top
D140,LED,LED_0603_1608Metric,207.5,-142.5,0.0,top
D1007,LED,LED_0603_1608Metric,90.45,-89.325,-90.0,top
H1,H,M3x0.5SMDNut,189.0,-123.5,0.0,top
H2,H,M3x0.5SMDNut,109.0,-167.0,0.0,top
H3,H,M3x0.5SMDNut,227.7,-24.6,0.0,top
H4,H,M3x0.5SMDNut,195.5,-167.0,0.0,top
H5,H,M3x0.5SMDNut,90.0,-21.0,0.0,top
H6,H,M3x0.5SMDNut,127.0,-112.0,0.0,top
J1,Conn_01x04,JST_XH_B4B-XH-AM_1x04_P2.50mm_Vertical,90.925,-162.1875,180.0,top
J2,~,USBSolderMux,105.7,-138.9,90.0,top
J3,Conn_01x03,JST_XH_B3B-XH-AM_1x03_P2.50mm_Vertical,130.675,-137.2625,0.0,top
J6,USB_C_Receptacle_USB2.0,USB_C_Receptacle_GCT_USB4115-03-C,99.0,-139.085,-90.0,top
J7,Conn_01x04,JST_XH_B4B-XH-AM_1x04_P2.50mm_Vertical,90.675,-168.7125,180.0,top
J8,Micro_SD_Card_Det_Hirose_DM3AT,microSD_HC_Hirose_DM3D-SF,103.0,-151.45,0.0,top
JP1001,Jumper_2_Bridged,SolderJumper-2_P1.3mm_Bridged_RoundedPad1.0x1.5mm,107.65,-60.25,-90.0,top
L2,2.2uH 2A,L_1008_2520Metric,119.5,-124.0,-90.0,top
L3,100uH,L_TaiTech_TMPC1265_13.5x12.5mm,154.0,-105.5,0.0,top
L4,100uH,L_TaiTech_TMPC1265_13.5x12.5mm,226.5,-154.0,180.0,top
Q1,Q_NPN_BEC,SOT-23,100.4,-22.85,0.0,top
Q2,Q_NPN_BEC,SOT-23,98.65,-29.35,270.0,top
Q3,Q_NPN_BEC,SOT-23,108.7125,-22.8125,0.0,top
Q4,Q_NPN_BEC,SOT-23,106.9625,-29.3125,270.0,top
Q5,Q_NPN_BEC,SOT-23,116.5,-22.7125,0.0,top
Q6,Q_NPN_BEC,SOT-23,115.0,-29.2125,270.0,top
Q7,Q_NPN_BEC,SOT-23,116.55,-41.7375,0.0,top
Q8,Q_NPN_BEC,SOT-23,114.8,-48.2375,270.0,top
Q9,Q_NPN_BEC,SOT-23,116.4,-60.7125,0.0,top
Q10,Q_NPN_BEC,SOT-23,114.65,-67.2125,270.0,top
Q11,Q_NPN_BEC,SOT-23,116.4375,-98.75,0.0,top
Q12,Q_NPN_BEC,SOT-23,114.6875,-105.25,270.0,top
Q13,Q_NPN_BEC,SOT-23,124.4375,-22.75,0.0,top
Q14,Q_NPN_BEC,SOT-23,122.6875,-29.25,270.0,top
Q15,Q_NPN_BEC,SOT-23,116.4375,-79.75,0.0,top
Q16,Q_NPN_BEC,SOT-23,114.6875,-86.25,270.0,top
Q17,Q_NPN_BEC,SOT-23,124.4,-41.75,0.0,top
Q18,Q_NPN_BEC,SOT-23,122.65,-48.25,270.0,top
Q19,Q_NPN_BEC,SOT-23,124.4375,-79.75,0.0,top
Q20,Q_NPN_BEC,SOT-23,122.6875,-86.25,270.0,top
Q21,Q_NPN_BEC,SOT-23,124.4375,-98.75,0.0,top
Q22,Q_NPN_BEC,SOT-23,122.6875,-105.25,270.0,top
Q23,Q_NPN_BEC,SOT-23,124.4375,-60.75,0.0,top
Q24,Q_NPN_BEC,SOT-23,122.6875,-67.25,270.0,top
Q25,Q_NPN_BEC,SOT-23,132.4375,-22.75,0.0,top
Q26,Q_NPN_BEC,SOT-23,130.6875,-29.25,270.0,top
Q27,Q_NPN_BEC,SOT-23,140.4,-22.75,0.0,top
Q28,Q_NPN_BEC,SOT-23,138.65,-29.25,270.0,top
Q29,Q_NPN_BEC,SOT-23,132.4375,-98.75,0.0,top
Q30,Q_NPN_BEC,SOT-23,130.6875,-105.25,270.0,top
Q31,Q_NPN_BEC,SOT-23,132.4375,-41.75,0.0,top
Q32,Q_NPN_BEC,SOT-23,130.6875,-48.25,270.0,top
Q33,Q_NPN_BEC,SOT-23,132.4375,-79.75,0.0,top
Q34,Q_NPN_BEC,SOT-23,130.6875,-86.25,270.0,top
Q35,Q_NPN_BEC,SOT-23,148.4375,-22.75,0.0,top
Q36,Q_NPN_BEC,SOT-23,146.6875,-29.25,270.0,top
Q37,Q_NPN_BEC,SOT-23,140.4,-79.85,0.0,top
Q38,Q_NPN_BEC,SOT-23,138.65,-86.35,270.0,top
Q39,Q_NPN_BEC,SOT-23,132.4375,-60.75,0.0,top
Q40,Q_NPN_BEC,SOT-23,130.6875,-67.25,270.0,top
Q41,Q_NPN_BEC,SOT-23,140.4,-60.85,0.0,top
Q42,Q_NPN_BEC,SOT-23,138.65,-67.35,270.0,top
Q43,Q_NPN_BEC,SOT-23,148.4375,-60.75,0.0,top
Q44,Q_NPN_BEC,SOT-23,146.6875,-67.25,270.0,top
Q45,Q_NPN_BEC,SOT-23,148.4,-41.7125,0.0,top
Q46,Q_NPN_BEC,SOT-23,146.65,-48.2125,270.0,top
Q47,Q_NPN_BEC,SOT-23,140.4375,-41.75,0.0,top
Q48,Q_NPN_BEC,SOT-23,138.6875,-48.25,270.0,top
Q49,Q_NPN_BEC,SOT-23,156.4375,-60.75,0.0,top
Q50,Q_NPN_BEC,SOT-23,154.6875,-67.25,270.0,top
Q51,Q_NPN_BEC,SOT-23,156.4375,-22.75,0.0,top
Q52,Q_NPN_BEC,SOT-23,154.6875,-29.25,270.0,top
Q53,Q_NPN_BEC,SOT-23,164.4375,-60.75,0.0,top
Q54,Q_NPN_BEC,SOT-23,162.6875,-67.25,270.0,top
Q55,Q_NPN_BEC,SOT-23,156.4375,-41.75,0.0,top
Q56,Q_NPN_BEC,SOT-23,154.6875,-48.25,270.0,top
Q57,Q_NPN_BEC,SOT-23,164.4375,-41.75,0.0,top
Q58,Q_NPN_BEC,SOT-23,162.6875,-48.25,270.0,top
Q59,Q_NPN_BEC,SOT-23,172.4,-79.85,0.0,top
Q60,Q_NPN_BEC,SOT-23,170.65,-86.35,270.0,top
Q61,Q_NPN_BEC,SOT-23,172.4375,-60.75,0.0,top
Q62,Q_NPN_BEC,SOT-23,170.6875,-67.25,270.0,top
Q63,Q_NPN_BEC,SOT-23,164.4375,-22.75,0.0,top
Q64,Q_NPN_BEC,SOT-23,162.6875,-29.25,270.0,top
Q65,Q_NPN_BEC,SOT-23,172.4375,-41.75,0.0,top
Q66,Q_NPN_BEC,SOT-23,170.6875,-48.25,270.0,top
Q67,Q_NPN_BEC,SOT-23,180.4,-79.75,0.0,top
Q68,Q_NPN_BEC,SOT-23,178.65,-86.25,270.0,top
Q69,Q_NPN_BEC,SOT-23,180.4,-60.75,0.0,top
Q70,Q_NPN_BEC,SOT-23,178.65,-67.25,270.0,top
Q71,Q_NPN_BEC,SOT-23,172.4375,-22.75,0.0,top
Q72,Q_NPN_BEC,SOT-23,170.6875,-29.25,270.0,top
Q73,Q_NPN_BEC,SOT-23,180.4375,-41.75,0.0,top
Q74,Q_NPN_BEC,SOT-23,178.6875,-48.25,270.0,top
Q75,Q_NPN_BEC,SOT-23,188.4,-79.75,0.0,top
Q76,Q_NPN_BEC,SOT-23,186.65,-86.25,270.0,top
Q77,Q_NPN_BEC,SOT-23,188.4,-60.75,0.0,top
Q78,Q_NPN_BEC,SOT-23,186.65,-67.25,270.0,top
Q79,Q_NPN_BEC,SOT-23,180.4375,-22.75,0.0,top
Q80,Q_NPN_BEC,SOT-23,178.6875,-29.25,270.0,top
Q81,Q_NPN_BEC,SOT-23,188.4375,-41.75,0.0,top
Q82,Q_NPN_BEC,SOT-23,186.6875,-48.25,270.0,top
Q83,Q_NPN_BEC,SOT-23,196.4375,-79.75,0.0,top
Q84,Q_NPN_BEC,SOT-23,194.6875,-86.25,270.0,top
Q85,Q_NPN_BEC,SOT-23,196.4375,-60.75,0.0,top
Q86,Q_NPN_BEC,SOT-23,194.6875,-67.25,270.0,top
Q87,Q_NPN_BEC,SOT-23,188.4375,-22.75,0.0,top
Q88,Q_NPN_BEC,SOT-23,186.6875,-29.25,270.0,top
Q89,Q_NPN_BEC,SOT-23,196.4375,-41.75,0.0,top
Q90,Q_NPN_BEC,SOT-23,194.6875,-48.25,270.0,top
Q91,Q_NPN_BEC,SOT-23,204.4,-79.85,0.0,top
Q92,Q_NPN_BEC,SOT-23,202.65,-86.35,270.0,top
Q93,Q_NPN_BEC,SOT-23,204.4,-60.85,0.0,top
Q94,Q_NPN_BEC,SOT-23,202.65,-67.35,270.0,top
Q95,Q_NPN_BEC,SOT-23,196.4375,-22.75,0.0,top
Q96,Q_NPN_BEC,SOT-23,194.6875,-29.25,270.0,top
Q97,Q_NPN_BEC,SOT-23,204.4,-41.85,0.0,top
Q98,Q_NPN_BEC,SOT-23,202.65,-48.35,270.0,top
Q99,Q_NPN_BEC,SOT-23,212.4,-98.85,0.0,top
Q100,Q_NPN_BEC,SOT-23,210.65,-105.35,270.0,top
Q101,Q_NPN_BEC,SOT-23,212.4,-79.85,0.0,top
Q102,Q_NPN_BEC,SOT-23,210.65,-86.35,270.0,top
Q103,Q_NPN_BEC,SOT-23,204.4,-22.85,0.0,top
Q104,Q_NPN_BEC,SOT-23,202.65,-29.35,270.0,top
Q105,Q_NPN_BEC,SOT-23,212.4375,-60.75,0.0,top
Q106,Q_NPN_BEC,SOT-23,210.6875,-67.25,270.0,top
Q107,Q_NPN_BEC,SOT-23,212.4,-22.85,0.0,top
Q108,Q_NPN_BEC,SOT-23,210.65,-29.35,270.0,top
Q109,Q_NPN_BEC,SOT-23,220.4,-98.85,0.0,top
Q110,Q_NPN_BEC,SOT-23,218.65,-105.35,270.0,top
Q111,Q_NPN_BEC,SOT-23,212.4375,-41.75,0.0,top
Q112,Q_NPN_BEC,SOT-23,210.6875,-48.25,270.0,top
Q113,Q_NPN_BEC,SOT-23,220.4375,-79.75,0.0,top
Q114,Q_NPN_BEC,SOT-23,218.6875,-86.25,270.0,top
Q115,Q_NPN_BEC,SOT-23,220.4,-41.7125,0.0,top
Q116,Q_NPN_BEC,SOT-23,218.65,-48.2125,270.0,top
Q117,Q_NPN_BEC,SOT-23,220.4,-22.7125,0.0,top
Q118,Q_NPN_BEC,SOT-23,218.65,-29.2125,270.0,top
Q119,Q_NPN_BEC,SOT-23,220.4375,-60.75,0.0,top
Q120,Q_NPN_BEC,SOT-23,218.6875,-67.25,270.0,top
Q121,Q_NPN_BEC,SOT-23,228.4,-98.85,0.0,top
Q122,Q_NPN_BEC,SOT-23,226.65,-105.35,270.0,top
Q123,Q_NPN_BEC,SOT-23,228.4,-60.85,0.0,top
Q124,Q_NPN_BEC,SOT-23,226.65,-67.35,270.0,top
Q125,Q_NPN_BEC,SOT-23,228.4,-41.7125,0.0,top
Q126,Q_NPN_BEC,SOT-23,226.65,-48.2125,270.0,top
Q127,Q_NPN_BEC,SOT-23,228.4375,-79.75,0.0,top
Q128,Q_NPN_BEC,SOT-23,226.6875,-86.25,270.0,top
Q129,NMOS,TO-252-3_TabPin2,149.66,-116.0,0.0,top
Q131,AO3401A,SOT-23,227.5,-134.8,180.0,top
Q1001,Q_NPN_BEC,SOT-23,90.25,-157.425,0.0,top
Q1002,Q_NPN_BEC,SOT-23,81.25,-142.65,0.0,top
Q1003,Q_NPN_BEC,SOT-23,81.3125,-126.7,0.0,top
Q1004,Q_NPN_BEC,SOT-23,81.25,-110.975,0.0,top
Q1005,Q_NPN_BEC,SOT-23,81.3125,-94.7,0.0,top
Q1006,Q_NPN_BEC,SOT-23,81.3125,-70.8875,0.0,top
Q1007,Q_NPN_BEC,SOT-23,81.3125,-54.8,0.0,top
Q1008,Q_NPN_BEC,SOT-23,90.25,-41.75,0.0,top
Q1009,Q_NPN_BEC,SOT-23,90.25,-153.475,0.0,top
Q1010,Q_NPN_BEC,SOT-23,90.25,-137.65,0.0,top
Q1011,Q_NPN_BEC,SOT-23,90.3125,-121.6,0.0,top
Q1012,Q_NPN_BEC,SOT-23,90.25,-105.65,0.0,top
Q1013,Q_NPN_BEC,SOT-23,81.3125,-90.7,0.0,top
Q1014,Q_NPN_BEC,SOT-23,90.239019,-68.975,0.0,top
Q1015,Q_NPN_BEC,SOT-23,90.3125,-52.8,0.0,top
Q1016,Q_NPN_BEC,SOT-23,81.3125,-34.8,0.0,top
Q1017,Q_NPN_BEC,SOT-23,81.25,-154.475,0.0,top
Q1018,Q_NPN_BEC,SOT-23,81.25,-138.65,0.0,top
Q1019,Q_NPN_BEC,SOT-23,81.3125,-122.6,0.0,top
Q1020,Q_NPN_BEC,SOT-23,81.25,-106.65,0.0,top
Q1021,Q_NPN_BEC,SOT-23,81.25,-86.75,0.0,top
Q1022,Q_NPN_BEC,SOT-23,81.3125,-66.7,0.0,top
Q1023,Q_NPN_BEC,SOT-23,81.3125,-50.7,0.0,top
Q1024,Q_NPN_BEC,SOT-23,90.25,-38.25,0.0,top
Q1025,Q_NPN_BEC,SOT-23,90.3125,-149.6,0.0,top
Q1026,Q_NPN_BEC,SOT-23,90.3125,-133.6,0.0,top
Q1027,Q_NPN_BEC,SOT-23,90.25,-117.65,0.0,top
Q1028,Q_NPN_BEC,SOT-23,90.3125,-101.6,0.0,top
Q1029,Q_NPN_BEC,SOT-23,81.3125,-82.75,0.0,top
Q1030,Q_NPN_BEC,SOT-23,90.25,-64.75,0.0,top
Q1031,Q_NPN_BEC,SOT-23,90.3125,-48.75,0.0,top
Q1032,Q_NPN_BEC,SOT-23,81.25,-30.75,0.0,top
Q1033,Q_NPN_BEC,SOT-23,81.25,-150.65,0.0,top
Q1034,Q_NPN_BEC,SOT-23,81.25,-134.65,0.0,top
Q1035,Q_NPN_BEC,SOT-23,81.3125,-118.7,0.0,top
Q1036,Q_NPN_BEC,SOT-23,81.25,-102.65,0.0,top
Q1037,Q_NPN_BEC,SOT-23,81.3125,-78.8,0.0,top
Q1038,Q_NPN_BEC,SOT-23,81.3125,-62.8,0.0,top
Q1039,Q_NPN_BEC,SOT-23,81.3125,-46.8,0.0,top
Q1040,Q_NPN_BEC,SOT-23,90.25,-34.75,0.0,top
Q1041,Q_NPN_BEC,SOT-23,90.25,-145.65,0.0,top
Q1042,Q_NPN_BEC,SOT-23,90.3125,-129.6,0.0,top
Q1043,Q_NPN_BEC,SOT-23,90.25,-113.65,0.0,top
Q1044,Q_NPN_BEC,SOT-23,90.3125,-97.6,0.0,top
Q1045,Q_NPN_BEC,SOT-23,90.3125,-76.7,0.0,top
Q1046,Q_NPN_BEC,SOT-23,90.25,-60.75,0.0,top
Q1047,Q_NPN_BEC,SOT-23,81.25,-42.75,0.0,top
Q1048,Q_NPN_BEC,SOT-23,81.1875,-26.75,0.0,top
Q1049,Q_NPN_BEC,SOT-23,81.25,-146.65,0.0,top
Q1050,Q_NPN_BEC,SOT-23,81.25,-130.65,0.0,top
Q1051,Q_NPN_BEC,SOT-23,81.3125,-114.6,0.0,top
Q1052,Q_NPN_BEC,SOT-23,81.3125,-98.7,0.0,top
Q1053,Q_NPN_BEC,SOT-23,81.3125,-74.7,0.0,top
Q1054,Q_NPN_BEC,SOT-23,81.3125,-58.7,0.0,top
Q1055,Q_NPN_BEC,SOT-23,90.25,-45.25,0.0,top
Q1056,Q_NPN_BEC,SOT-23,89.35,-31.25,0.0,top
Q1057,Q_NPN_BEC,SOT-23,90.25,-141.65,0.0,top
Q1058,Q_NPN_BEC,SOT-23,90.3125,-125.7,0.0,top
Q1059,Q_NPN_BEC,SOT-23,90.3125,-109.7,0.0,top
Q1060,Q_NPN_BEC,SOT-23,90.3125,-93.7,0.0,top
Q1061,Q_NPN_BEC,SOT-23,90.3125,-72.8,0.0,top
Q1062,Q_NPN_BEC,SOT-23,90.25,-56.75,0.0,top
Q1063,Q_NPN_BEC,SOT-23,81.3125,-38.7,0.0,top
Q1064,Q_NPN_BEC,SOT-23,81.3125,-22.8,0.0,top
R1,47K,R_0603_1608Metric,214.325,-138.0,180.0,top
R2,10K,R_0603_1608Metric,214.325,-139.5,180.0,top
R3,1M,R_1206_3216Metric,206.0,-103.0,-90.0,top
R4,4K7,R_0603_1608Metric,205.0,-106.5,180.0,top
R6,1K,R_0603_1608Metric,117.175,-110.525,90.0,top
R7,1K,R_0603_1608Metric,120.175,-110.525,-90.0,top
R8,1K,R_0603_1608Metric,213.5,-167.825,90.0,top
R9,10K,R_0603_1608Metric,200.0,-151.0,-90.0,top
R11,1K,R_0603_1608Metric,207.1,-153.4,-90.0,top
R12,27,R_0603_1608Metric,104.0,-134.5,180.0,top
R13,27,R_0603_1608Metric,103.0,-137.5,90.0,top
R14,5k1,R_0603_1608Metric,98.5,-133.0,180.0,top
R15,5k1,R_0603_1608Metric,101.5,-133.0,0.0,top
R16,10K,R_0603_1608Metric,96.15,-29.85,-90.0,top
R17,220K,R_1206_3216Metric,97.9,-26.0625,0.0,top
R18,100K,R_1206_3216Metric,99.0,-16.6,-90.0,top
R19,4.7K,R_1206_3216Metric,97.15,-22.6,90.0,top
R20,10K,R_0603_1608Metric,104.4625,-29.8125,-90.0,top
R21,220K,R_1206_3216Metric,106.2125,-26.025,0.0,top
R22,100K,R_1206_3216Metric,107.0,-16.4625,-90.0,top
R23,4.7K,R_1206_3216Metric,105.05,-22.5625,90.0,top
R24,10K,R_0603_1608Metric,112.5,-29.7125,90.0,top
R25,220K,R_1206_3216Metric,114.25,-25.9625,0.0,top
R26,100K,R_1206_3216Metric,115.0,-16.4625,-90.0,top
R27,4.7K,R_1206_3216Metric,113.25,-22.4625,90.0,top
R28,10K,R_0603_1608Metric,112.3,-48.7375,90.0,top
R29,220K,R_1206_3216Metric,114.05,-44.9875,0.0,top
R30,100K,R_1206_3216Metric,115.0,-35.4625,-90.0,top
R31,4.7K,R_1206_3216Metric,113.05,-41.55,90.0,top
R32,10K,R_0603_1608Metric,112.15,-67.7125,-90.0,top
R33,220K,R_1206_3216Metric,113.9,-63.925,0.0,top
R34,100K,R_1206_3216Metric,115.0,-54.4625,-90.0,top
R35,4.7K,R_1206_3216Metric,113.15,-60.4625,90.0,top
R36,10K,R_0603_1608Metric,112.1875,-105.75,-90.0,top
R37,220K,R_1206_3216Metric,113.9375,-101.9625,0.0,top
R38,100K,R_1206_3216Metric,115.0375,-92.5,-90.0,top
R39,4.7K,R_1206_3216Metric,113.1875,-98.5,90.0,top
R40,10K,R_0603_1608Metric,120.1875,-29.75,-90.0,top
R41,220K,R_1206_3216Metric,121.9375,-25.9625,0.0,top
R42,100K,R_1206_3216Metric,123.0375,-16.5,-90.0,top
R43,4.7K,R_1206_3216Metric,121.1875,-22.5,90.0,top
R44,10K,R_0603_1608Metric,112.1875,-86.75,-90.0,top
R45,220K,R_1206_3216Metric,113.9375,-82.9625,0.0,top
R46,100K,R_1206_3216Metric,115.0375,-73.5,-90.0,top
R47,4.7K,R_1206_3216Metric,113.1875,-79.5,90.0,top
R48,10K,R_0603_1608Metric,120.15,-48.75,-90.0,top
R49,220K,R_1206_3216Metric,121.9,-44.9625,0.0,top
R50,100K,R_1206_3216Metric,123.0,-35.5,-90.0,top
R51,4.7K,R_1206_3216Metric,121.15,-41.5,90.0,top
R52,10K,R_0603_1608Metric,120.1875,-86.75,-90.0,top
R53,220K,R_1206_3216Metric,121.9375,-82.9625,0.0,top
R54,100K,R_1206_3216Metric,123.0375,-73.5,-90.0,top
R55,4.7K,R_1206_3216Metric,121.1875,-79.5,90.0,top
R56,10K,R_0603_1608Metric,120.1875,-105.75,-90.0,top
R57,220K,R_1206_3216Metric,121.9375,-101.9625,0.0,top
R58,100K,R_1206_3216Metric,123.0375,-92.5,-90.0,top
R59,4.7K,R_1206_3216Metric,121.1875,-98.5,90.0,top
R60,10K,R_0603_1608Metric,120.1875,-67.75,-90.0,top
R61,220K,R_1206_3216Metric,121.9375,-63.9625,0.0,top
R62,100K,R_1206_3216Metric,123.0375,-54.5,-90.0,top
R63,4.7K,R_1206_3216Metric,121.1875,-60.5,90.0,top
R64,10K,R_0603_1608Metric,128.1875,-29.75,-90.0,top
R65,220K,R_1206_3216Metric,129.9375,-25.9625,0.0,top
R66,100K,R_1206_3216Metric,131.0375,-16.5,-90.0,top
R67,4.7K,R_1206_3216Metric,129.1875,-22.5,90.0,top
R68,10K,R_0603_1608Metric,136.15,-29.75,-90.0,top
R69,220K,R_1206_3216Metric,137.9,-25.9625,0.0,top
R70,100K,R_1206_3216Metric,139.0,-16.5,-90.0,top
R71,4.7K,R_1206_3216Metric,137.15,-22.5,90.0,top
R72,10K,R_0603_1608Metric,128.1875,-105.75,-90.0,top
R73,220K,R_1206_3216Metric,129.9375,-101.9625,0.0,top
R74,100K,R_1206_3216Metric,131.0375,-92.5,-90.0,top
R75,4.7K,R_1206_3216Metric,129.1875,-98.5,90.0,top
R76,10K,R_0603_1608Metric,128.1875,-48.75,-90.0,top
R77,220K,R_1206_3216Metric,129.9375,-44.9625,0.0,top
R78,100K,R_1206_3216Metric,131.0375,-35.5,-90.0,top
R79,4.7K,R_1206_3216Metric,129.1875,-41.5,90.0,top
R80,10K,R_0603_1608Metric,128.1875,-86.75,-90.0,top
R81,220K,R_1206_3216Metric,129.9375,-82.9625,0.0,top
R82,100K,R_1206_3216Metric,131.0375,-73.5,-90.0,top
R83,4.7K,R_1206_3216Metric,129.1875,-79.5,90.0,top
R84,10K,R_0603_1608Metric,144.1875,-29.75,-90.0,top
R85,220K,R_1206_3216Metric,145.9375,-25.9625,0.0,top
R86,100K,R_1206_3216Metric,147.0375,-16.5,-90.0,top
R87,4.7K,R_1206_3216Metric,145.1875,-22.5,90.0,top
R88,10K,R_0603_1608Metric,136.15,-86.85,-90.0,top
R89,220K,R_1206_3216Metric,137.9,-83.0625,0.0,top
R90,100K,R_1206_3216Metric,139.0,-73.6,-90.0,top
R91,4.7K,R_1206_3216Metric,137.15,-79.6,90.0,top
R92,10K,R_0603_1608Metric,128.1875,-67.75,-90.0,top
R93,220K,R_1206_3216Metric,129.9375,-63.9625,0.0,top
R94,100K,R_1206_3216Metric,131.0375,-54.5,-90.0,top
R95,4.7K,R_1206_3216Metric,129.1875,-60.5,90.0,top
R96,10K,R_0603_1608Metric,136.15,-67.85,-90.0,top
R97,220K,R_1206_3216Metric,137.9,-64.0625,0.0,top
R98,100K,R_1206_3216Metric,139.0,-54.6,-90.0,top
R99,4.7K,R_1206_3216Metric,137.15,-60.6,90.0,top
R100,10K,R_0603_1608Metric,144.1875,-67.75,-90.0,top
R101,220K,R_1206_3216Metric,145.9375,-63.9625,0.0,top
R102,100K,R_1206_3216Metric,147.0375,-54.5,-90.0,top
R103,4.7K,R_1206_3216Metric,145.1875,-60.5,90.0,top
R104,10K,R_0603_1608Metric,144.15,-48.7125,-90.0,top
R105,220K,R_1206_3216Metric,145.9,-44.925,0.0,top
R106,100K,R_1206_3216Metric,147.0,-35.4625,-90.0,top
R107,4.7K,R_1206_3216Metric,145.15,-41.4625,90.0,top
R108,10K,R_0603_1608Metric,136.1875,-48.75,-90.0,top
R109,220K,R_1206_3216Metric,137.9375,-44.9625,0.0,top
R110,100K,R_1206_3216Metric,139.0375,-35.5,-90.0,top
R111,4.7K,R_1206_3216Metric,137.1875,-41.5,90.0,top
R112,10K,R_0603_1608Metric,152.1875,-67.75,-90.0,top
R113,220K,R_1206_3216Metric,153.9375,-63.9625,0.0,top
R114,100K,R_1206_3216Metric,155.0375,-54.5,-90.0,top
R115,4.7K,R_1206_3216Metric,153.1875,-60.5,90.0,top
R116,10K,R_0603_1608Metric,152.1875,-29.75,-90.0,top
R117,220K,R_1206_3216Metric,153.9375,-25.9625,0.0,top
R118,100K,R_1206_3216Metric,155.0375,-16.5,-90.0,top
R119,4.7K,R_1206_3216Metric,153.1875,-22.5,90.0,top
R120,10K,R_0603_1608Metric,160.1875,-67.75,-90.0,top
R121,220K,R_1206_3216Metric,161.9375,-63.9625,0.0,top
R122,100K,R_1206_3216Metric,163.0375,-54.5,-90.0,top
R123,4.7K,R_1206_3216Metric,161.1875,-60.5,90.0,top
R124,10K,R_0603_1608Metric,152.1875,-48.75,-90.0,top
R125,220K,R_1206_3216Metric,153.9375,-44.9625,0.0,top
R126,100K,R_1206_3216Metric,155.0375,-35.5,-90.0,top
R127,4.7K,R_1206_3216Metric,153.1875,-41.5,90.0,top
R128,10K,R_0603_1608Metric,160.1875,-48.75,-90.0,top
R129,220K,R_1206_3216Metric,161.9375,-44.9625,0.0,top
R130,100K,R_1206_3216Metric,163.0375,-35.5,-90.0,top
R131,4.7K,R_1206_3216Metric,161.1875,-41.5,90.0,top
R132,10K,R_0603_1608Metric,168.15,-86.85,-90.0,top
R133,220K,R_1206_3216Metric,169.9,-83.0625,0.0,top
R134,100K,R_1206_3216Metric,171.0,-73.6,-90.0,top
R135,4.7K,R_1206_3216Metric,169.15,-79.6,90.0,top
R136,10K,R_0603_1608Metric,168.1875,-67.75,-90.0,top
R137,220K,R_1206_3216Metric,169.9375,-63.9625,0.0,top
R138,100K,R_1206_3216Metric,171.0375,-54.5,-90.0,top
R139,4.7K,R_1206_3216Metric,169.1875,-60.5,90.0,top
R140,10K,R_0603_1608Metric,160.1875,-29.75,-90.0,top
R141,220K,R_1206_3216Metric,161.9375,-25.9625,0.0,top
R142,100K,R_1206_3216Metric,163.0375,-16.5,-90.0,top
R143,4.7K,R_1206_3216Metric,161.1875,-22.5,90.0,top
R144,10K,R_0603_1608Metric,168.1875,-48.75,-90.0,top
R145,220K,R_1206_3216Metric,169.9375,-44.9625,0.0,top
R146,100K,R_1206_3216Metric,171.0375,-35.5,-90.0,top
R147,4.7K,R_1206_3216Metric,169.1875,-41.5,90.0,top
R148,10K,R_0603_1608Metric,176.15,-86.75,-90.0,top
R149,220K,R_1206_3216Metric,177.9,-82.9625,0.0,top
R150,100K,R_1206_3216Metric,179.0,-73.5,-90.0,top
R151,4.7K,R_1206_3216Metric,177.15,-79.5,90.0,top
R152,10K,R_0603_1608Metric,176.15,-67.75,-90.0,top
R153,220K,R_1206_3216Metric,177.9,-63.9625,0.0,top
R154,100K,R_1206_3216Metric,179.0,-54.5,-90.0,top
R155,4.7K,R_1206_3216Metric,177.15,-60.5,90.0,top
R156,10K,R_0603_1608Metric,168.1875,-29.75,-90.0,top
R157,220K,R_1206_3216Metric,169.9375,-25.9625,0.0,top
R158,100K,R_1206_3216Metric,171.0375,-16.5,-90.0,top
R159,4.7K,R_1206_3216Metric,169.1875,-22.5,90.0,top
R160,10K,R_0603_1608Metric,176.1875,-48.75,-90.0,top
R161,220K,R_1206_3216Metric,177.9375,-44.9625,0.0,top
R162,100K,R_1206_3216Metric,179.0375,-35.5,-90.0,top
R163,4.7K,R_1206_3216Metric,177.1875,-41.5,90.0,top
R164,10K,R_0603_1608Metric,184.15,-86.75,-90.0,top
R165,220K,R_1206_3216Metric,185.9,-82.9625,0.0,top
R166,100K,R_1206_3216Metric,187.0,-73.5,-90.0,top
R167,4.7K,R_1206_3216Metric,185.15,-79.5,90.0,top
R168,10K,R_0603_1608Metric,184.15,-67.75,-90.0,top
R169,220K,R_1206_3216Metric,185.9,-63.9625,0.0,top
R170,100K,R_1206_3216Metric,187.0,-54.5,-90.0,top
R171,4.7K,R_1206_3216Metric,185.15,-60.5,90.0,top
R172,10K,R_0603_1608Metric,176.1875,-29.75,-90.0,top
R173,220K,R_1206_3216Metric,177.9375,-25.9625,0.0,top
R174,100K,R_1206_3216Metric,179.0375,-16.5,-90.0,top
R175,4.7K,R_1206_3216Metric,177.1875,-22.5,90.0,top
R176,10K,R_0603_1608Metric,184.1875,-48.75,-90.0,top
R177,220K,R_1206_3216Metric,185.9375,-44.9625,0.0,top
R178,100K,R_1206_3216Metric,187.0375,-35.5,-90.0,top
R179,4.7K,R_1206_3216Metric,185.1875,-41.5,90.0,top
R180,10K,R_0603_1608Metric,192.1875,-86.75,-90.0,top
R181,220K,R_1206_3216Metric,193.9375,-82.9625,0.0,top
R182,100K,R_1206_3216Metric,195.0375,-73.5,-90.0,top
R183,4.7K,R_1206_3216Metric,193.1875,-79.5,90.0,top
R184,10K,R_0603_1608Metric,192.1875,-67.75,-90.0,top
R185,220K,R_1206_3216Metric,193.9375,-63.9625,0.0,top
R186,100K,R_1206_3216Metric,195.0375,-54.5,-90.0,top
R187,4.7K,R_1206_3216Metric,193.1875,-60.5,90.0,top
R188,10K,R_0603_1608Metric,184.1875,-29.75,-90.0,top
R189,220K,R_1206_3216Metric,185.9375,-25.9625,0.0,top
R190,100K,R_1206_3216Metric,187.0375,-16.5,-90.0,top
R191,4.7K,R_1206_3216Metric,185.1875,-22.5,90.0,top
R192,10K,R_0603_1608Metric,192.1875,-48.75,-90.0,top
R193,220K,R_1206_3216Metric,193.9375,-44.9625,0.0,top
R194,100K,R_1206_3216Metric,195.0375,-35.5,-90.0,top
R195,4.7K,R_1206_3216Metric,193.1875,-41.5,90.0,top
R196,10K,R_0603_1608Metric,200.15,-86.85,-90.0,top
R197,220K,R_1206_3216Metric,201.9,-83.0625,0.0,top
R198,100K,R_1206_3216Metric,203.0,-73.6,-90.0,top
R199,4.7K,R_1206_3216Metric,201.15,-79.6,90.0,top
R200,10K,R_0603_1608Metric,200.15,-67.85,-90.0,top
R201,220K,R_1206_3216Metric,201.9,-64.0625,0.0,top
R202,100K,R_1206_3216Metric,203.0,-54.6,-90.0,top
R203,4.7K,R_1206_3216Metric,201.15,-60.6,90.0,top
R204,10K,R_0603_1608Metric,192.1875,-29.75,-90.0,top
R205,220K,R_1206_3216Metric,193.9375,-25.9625,0.0,top
R206,100K,R_1206_3216Metric,195.0375,-16.5,-90.0,top
R207,4.7K,R_1206_3216Metric,193.1875,-22.5,90.0,top
R208,10K,R_0603_1608Metric,200.15,-48.85,-90.0,top
R209,220K,R_1206_3216Metric,201.9,-45.0625,0.0,top
R210,100K,R_1206_3216Metric,203.0,-35.6,-90.0,top
R211,4.7K,R_1206_3216Metric,201.15,-41.6,90.0,top
R212,10K,R_0603_1608Metric,208.15,-105.85,-90.0,top
R213,220K,R_1206_3216Metric,209.9,-102.0625,0.0,top
R214,100K,R_1206_3216Metric,211.0,-92.6,-90.0,top
R215,4.7K,R_1206_3216Metric,209.15,-98.6,90.0,top
R216,10K,R_0603_1608Metric,208.15,-86.85,-90.0,top
R217,220K,R_1206_3216Metric,209.9,-83.0625,0.0,top
R218,100K,R_1206_3216Metric,211.0,-73.6,-90.0,top
R219,4.7K,R_1206_3216Metric,209.15,-79.6,90.0,top
R220,10K,R_0603_1608Metric,200.15,-29.85,-90.0,top
R221,220K,R_1206_3216Metric,201.9,-26.0625,0.0,top
R222,100K,R_1206_3216Metric,203.0,-16.6,-90.0,top
R223,4.7K,R_1206_3216Metric,201.15,-22.6,90.0,top
R224,10K,R_0603_1608Metric,208.1875,-67.75,-90.0,top
R225,220K,R_1206_3216Metric,209.9375,-63.9625,0.0,top
R226,100K,R_1206_3216Metric,211.0375,-54.5,-90.0,top
R227,4.7K,R_1206_3216Metric,209.1875,-60.5,90.0,top
R228,10K,R_0603_1608Metric,208.15,-29.85,-90.0,top
R229,220K,R_1206_3216Metric,209.9,-26.0625,0.0,top
R230,100K,R_1206_3216Metric,211.0,-16.6,-90.0,top
R231,4.7K,R_1206_3216Metric,209.15,-22.6,90.0,top
R232,10K,R_0603_1608Metric,216.15,-105.85,-90.0,top
R233,220K,R_1206_3216Metric,217.9,-102.0625,0.0,top
R234,100K,R_1206_3216Metric,219.0,-92.6,-90.0,top
R235,4.7K,R_1206_3216Metric,217.15,-98.6,90.0,top
R236,10K,R_0603_1608Metric,208.1875,-48.75,-90.0,top
R237,220K,R_1206_3216Metric,209.9375,-44.9625,0.0,top
R238,100K,R_1206_3216Metric,211.0375,-35.5,-90.0,top
R239,4.7K,R_1206_3216Metric,209.1875,-41.5,90.0,top
R240,10K,R_0603_1608Metric,216.1875,-86.75,-90.0,top
R241,220K,R_1206_3216Metric,217.9375,-82.9625,0.0,top
R242,100K,R_1206_3216Metric,219.0375,-73.5,-90.0,top
R243,4.7K,R_1206_3216Metric,217.1875,-79.5,90.0,top
R244,10K,R_0603_1608Metric,216.15,-48.7125,-90.0,top
R245,220K,R_1206_3216Metric,217.9,-44.925,0.0,top
R246,100K,R_1206_3216Metric,219.0,-35.4625,-90.0,top
R247,4.7K,R_1206_3216Metric,217.15,-41.4625,90.0,top
R248,10K,R_0603_1608Metric,216.15,-29.7125,-90.0,top
R249,220K,R_1206_3216Metric,217.9,-25.925,0.0,top
R250,100K,R_1206_3216Metric,219.0,-16.4625,-90.0,top
R251,4.7K,R_1206_3216Metric,217.15,-22.4625,90.0,top
R252,10K,R_0603_1608Metric,216.1875,-67.75,-90.0,top
R253,220K,R_1206_3216Metric,217.9375,-63.9625,0.0,top
R254,100K,R_1206_3216Metric,219.0375,-54.5,-90.0,top
R255,4.7K,R_1206_3216Metric,217.1875,-60.5,90.0,top
R256,10K,R_0603_1608Metric,224.15,-105.85,-90.0,top
R257,220K,R_1206_3216Metric,225.9,-102.0625,0.0,top
R258,100K,R_1206_3216Metric,227.0,-92.6,-90.0,top
R259,4.7K,R_1206_3216Metric,225.15,-98.6,90.0,top
R260,10K,R_0603_1608Metric,224.15,-67.85,-90.0,top
R261,220K,R_1206_3216Metric,225.9,-64.0625,0.0,top
R262,100K,R_1206_3216Metric,227.0,-54.6,-90.0,top
R263,4.7K,R_1206_3216Metric,225.15,-60.6,90.0,top
R264,10K,R_0603_1608Metric,224.15,-48.7125,-90.0,top
R265,220K,R_1206_3216Metric,225.9,-44.925,0.0,top
R266,100K,R_1206_3216Metric,227.0,-35.4625,-90.0,top
R267,4.7K,R_1206_3216Metric,225.15,-41.4625,90.0,top
R268,10K,R_0603_1608Metric,224.1875,-86.75,-90.0,top
R269,220K,R_1206_3216Metric,225.9375,-82.9625,0.0,top
R270,100K,R_1206_3216Metric,227.0375,-73.5,-90.0,top
R271,4.7K,R_1206_3216Metric,225.1875,-79.5,90.0,top
R272,68K,R_0603_1608Metric,121.675,-110.525,-90.0,top
R273,100K,R_0603_1608Metric,114.675,-112.525,0.0,top
R274,100K,R_0603_1608Metric,114.675,-114.025,0.0,top
R275,68K,R_0603_1608Metric,114.675,-115.525,0.0,top
R276,68K,R_0603_1608Metric,114.675,-117.024999,0.0,top
R277,100K,R_0603_1608Metric,115.0,-120.0,90.0,top
R278,220,R_0603_1608Metric,124.5,-118.0,0.0,top
R279,10K,R_0603_1608Metric,221.0,-146.0,0.0,top
R280,3k,R_0603_1608Metric,221.0,-144.5,180.0,top
R281,4K7,R_0603_1608Metric,201.0,-122.0,90.0,top
R283,10K,R_0603_1608Metric,224.0,-134.0,0.0,top
R284,0.05,R_0805_2012Metric,145.5,-121.0,180.0,top
R285,1.5M,R_1206_3216Metric,139.0,-125.5,0.0,top
R286,13.3K,R_0805_2012Metric_Pad1.20x1.40mm_HandSolder,142.5,-124.5,90.0,top
R287,10K,R_0603_1608Metric,224.0025,-135.5,180.0,top
R288,1K,R_0603_1608Metric,229.0,-123.5,0.0,top
R289,10K,R_0603_1608Metric,224.0,-124.5,0.0,top
R290,47K,R_0603_1608Metric,229.0,-125.0,180.0,top
R291,4K7,R_0603_1608Metric,229.0,-122.0,180.0,top
R292,10K,R_0603_1608Metric,229.0,-120.5,180.0,top
R293,4K7,R_0603_1608Metric,213.0,-154.5,180.0,top
R294,4K7,R_0603_1608Metric,213.0,-153.0,180.0,top
R295,1K,R_0603_1608Metric,166.7125,-91.0,0.0,top
R296,1K,R_0603_1608Metric,108.0,-116.5,0.0,top
R297,1K,R_0603_1608Metric,108.0,-115.0,0.0,top
R298,1K,R_0603_1608Metric,166.7125,-92.5,0.0,top
R299,1K,R_0603_1608Metric,210.5,-147.0,180.0,top
R300,10K,R_0603_1608Metric,199.0,-160.9,0.0,top
R301,10K,R_0603_1608Metric,231.275,-135.5,180.0,top
R303,1K,R_0603_1608Metric,210.5,-145.5,180.0,top
R304,1K,R_0603_1608Metric,210.5,-144.0,180.0,top
R305,1K,R_0603_1608Metric,210.5,-142.5,180.0,top
R1001,100K,R_0603_1608Metric,88.85,-89.35,-90.0,top
R1003,10K,R_0603_1608Metric,93.25,-157.475,90.0,top
R1004,10K,R_0603_1608Metric,84.25,-142.75,90.0,top
R1005,10K,R_0603_1608Metric,84.25,-126.575,90.0,top
R1006,10K,R_0603_1608Metric,84.25,-110.75,90.0,top
R1007,10K,R_0603_1608Metric,84.25,-94.75,90.0,top
R1008,10K,R_0603_1608Metric,84.25,-70.6625,90.0,top
R1009,10K,R_0603_1608Metric,84.25,-54.575,90.0,top
R1010,10K,R_0603_1608Metric,93.1875,-42.75,90.0,top
R1011,220K,R_0805_2012Metric,87.25,-157.475,-90.0,top
R1012,220K,R_0805_2012Metric,78.25,-142.65,-90.0,top
R1013,220K,R_0805_2012Metric,78.25,-126.5625,-90.0,top
R1014,220K,R_0805_2012Metric,78.25,-110.8875,-90.0,top
R1015,220K,R_0805_2012Metric,78.375,-94.6125,-90.0,top
R1016,220K,R_0805_2012Metric,78.25,-70.75,-90.0,top
R1017,220K,R_0805_2012Metric,78.25,-54.6625,-90.0,top
R1018,220K,R_0805_2012Metric,87.25,-41.75,-90.0,top
R1019,10K,R_0603_1608Metric,93.25,-153.475,90.0,top
R1020,10K,R_0603_1608Metric,93.25,-137.75,90.0,top
R1021,10K,R_0603_1608Metric,93.25,-121.75,90.0,top
R1022,10K,R_0603_1608Metric,93.25,-105.575,90.0,top
R1023,10K,R_0603_1608Metric,84.25,-90.575,90.0,top
R1024,10K,R_0603_1608Metric,93.176519,-68.85,90.0,top
R1025,10K,R_0603_1608Metric,93.25,-52.675,90.0,top
R1026,10K,R_0603_1608Metric,84.25,-34.675,90.0,top
R1027,220K,R_0805_2012Metric,87.25,-153.5625,-90.0,top
R1028,220K,R_0805_2012Metric,87.25,-137.65,-90.0,top
R1029,220K,R_0805_2012Metric,87.25,-121.65,-90.0,top
R1030,220K,R_0805_2012Metric,87.25,-105.65,-90.0,top
R1031,220K,R_0805_2012Metric,78.25,-90.5625,-90.0,top
R1032,220K,R_0805_2012Metric,87.176519,-68.8375,-90.0,top
R1033,220K,R_0805_2012Metric,87.25,-52.6625,-90.0,top
R1034,220K,R_0805_2012Metric,78.25,-34.75,-90.0,top
R1035,10K,R_0603_1608Metric,84.25,-154.75,90.0,top
R1036,10K,R_0603_1608Metric,84.25,-138.75,90.0,top
R1037,10K,R_0603_1608Metric,84.25,-122.75,90.0,top
R1038,10K,R_0603_1608Metric,84.25,-106.925,90.0,top
R1039,10K,R_0603_1608Metric,84.25,-86.575,90.0,top
R1040,10K,R_0603_1608Metric,84.25,-66.4,90.0,top
R1041,10K,R_0603_1608Metric,84.25,-50.575,90.0,top
R1042,10K,R_0603_1608Metric,93.1875,-39.75,90.0,top
R1043,220K,R_0805_2012Metric,78.15,-154.85,-90.0,top
R1044,220K,R_0805_2012Metric,78.25,-138.65,-90.0,top
R1045,220K,R_0805_2012Metric,78.25,-122.5625,-90.0,top
R1046,220K,R_0805_2012Metric,78.25,-106.65,-90.0,top
R1047,220K,R_0805_2012Metric,78.25,-86.6625,-90.0,top
R1048,220K,R_0805_2012Metric,78.25,-66.75,-90.0,top
R1049,220K,R_0805_2012Metric,78.25,-50.8375,-90.0,top
R1050,220K,R_0805_2012Metric,87.1875,-38.25,-90.0,top
R1051,10K,R_0603_1608Metric,93.25,-149.575,90.0,top
R1052,10K,R_0603_1608Metric,93.25,-133.575,90.0,top
R1053,10K,R_0603_1608Metric,93.25,-117.575,90.0,top
R1054,10K,R_0603_1608Metric,93.25,-101.575,90.0,top
R1055,10K,R_0603_1608Metric,84.25,-82.575,90.0,top
R1056,10K,R_0603_1608Metric,93.25,-64.85,90.0,top
R1057,10K,R_0603_1608Metric,93.25,-49.025,90.0,top
R1058,10K,R_0603_1608Metric,84.25,-30.675,90.0,top
R1059,220K,R_0805_2012Metric,87.3125,-149.6,-90.0,top
R1060,220K,R_0805_2012Metric,87.25,-133.65,-90.0,top
R1061,220K,R_0805_2012Metric,87.25,-117.65,-90.0,top
R1062,220K,R_0805_2012Metric,87.25,-101.65,-90.0,top
R1063,220K,R_0805_2012Metric,78.375,-82.75,-90.0,top
R1064,220K,R_0805_2012Metric,87.25,-64.75,-90.0,top
R1065,220K,R_0805_2012Metric,87.25,-48.8,-90.0,top
R1066,220K,R_0805_2012Metric,78.25,-30.75,-90.0,top
R1067,10K,R_0603_1608Metric,84.25,-150.75,90.0,top
R1068,10K,R_0603_1608Metric,84.25,-134.75,90.0,top
R1069,10K,R_0603_1608Metric,84.25,-118.575,90.0,top
R1070,10K,R_0603_1608Metric,84.25,-102.85,90.0,top
R1071,10K,R_0603_1608Metric,84.25,-78.75,90.0,top
R1072,10K,R_0603_1608Metric,84.25,-62.575,90.0,top
R1073,10K,R_0603_1608Metric,84.25,-46.575,90.0,top
R1074,10K,R_0603_1608Metric,93.1875,-36.75,90.0,top
R1075,220K,R_0805_2012Metric,78.25,-150.65,-90.0,top
R1076,220K,R_0805_2012Metric,78.25,-134.7375,-90.0,top
R1077,220K,R_0805_2012Metric,78.25,-118.5625,-90.0,top
R1078,220K,R_0805_2012Metric,78.25,-102.65,-90.0,top
R1079,220K,R_0805_2012Metric,78.25,-78.6625,-90.0,top
R1080,220K,R_0805_2012Metric,78.25,-62.8375,-90.0,top
R1081,220K,R_0805_2012Metric,78.25,-46.75,-90.0,top
R1082,220K,R_0805_2012Metric,87.1875,-34.75,-90.0,top
R1083,10K,R_0603_1608Metric,93.25,-145.75,90.0,top
R1084,10K,R_0603_1608Metric,93.25,-129.75,90.0,top
R1085,10K,R_0603_1608Metric,93.25,-113.75,90.0,top
R1086,10K,R_0603_1608Metric,93.25,-97.575,90.0,top
R1087,10K,R_0603_1608Metric,93.25,-76.575,90.0,top
R1088,10K,R_0603_1608Metric,93.25,-60.675,90.0,top
R1089,10K,R_0603_1608Metric,84.25,-42.675,90.0,top
R1090,10K,R_0603_1608Metric,84.25,-26.85,90.0,top
R1091,220K,R_0805_2012Metric,87.25,-145.65,-90.0,top
R1092,220K,R_0805_2012Metric,87.25,-129.5625,-90.0,top
R1093,220K,R_0805_2012Metric,87.25,-113.5625,-90.0,top
R1094,220K,R_0805_2012Metric,87.25,-97.5625,-90.0,top
R1095,220K,R_0805_2012Metric,87.25,-76.6625,-90.0,top
R1096,220K,R_0805_2012Metric,87.25,-60.75,-90.0,top
R1097,220K,R_0805_2012Metric,78.25,-42.75,-90.0,top
R1098,220K,R_0805_2012Metric,78.25,-26.75,-90.0,top
R1099,10K,R_0603_1608Metric,84.25,-146.575,90.0,top
R1100,10K,R_0603_1608Metric,84.25,-130.575,90.0,top
R1101,10K,R_0603_1608Metric,84.25,-114.575,90.0,top
R1102,10K,R_0603_1608Metric,84.25,-98.575,90.0,top
R1103,10K,R_0603_1608Metric,84.25,-74.575,90.0,top
R1104,10K,R_0603_1608Metric,84.25,-58.575,90.0,top
R1105,10K,R_0603_1608Metric,93.1875,-45.75,90.0,top
R1106,10K,R_0603_1608Metric,93.1875,-33.75,90.0,top
R1107,220K,R_0805_2012Metric,78.25,-146.65,-90.0,top
R1108,220K,R_0805_2012Metric,78.25,-130.5625,-90.0,top
R1109,220K,R_0805_2012Metric,78.25,-114.65,-90.0,top
R1110,220K,R_0805_2012Metric,78.25,-98.5625,-90.0,top
R1111,220K,R_0805_2012Metric,78.25,-74.5625,-90.0,top
R1112,220K,R_0805_2012Metric,78.25,-58.75,-90.0,top
R1113,220K,R_0805_2012Metric,87.25,-45.25,-90.0,top
R1114,220K,R_0805_2012Metric,86.35,-31.0,-90.0,top
R1115,10K,R_0603_1608Metric,93.25,-141.75,90.0,top
R1116,10K,R_0603_1608Metric,93.25,-125.575,90.0,top
R1117,10K,R_0603_1608Metric,93.25,-109.75,90.0,top
R1118,10K,R_0603_1608Metric,93.25,-93.575,90.0,top
R1119,10K,R_0603_1608Metric,93.25,-72.85,90.0,top
R1120,10K,R_0603_1608Metric,93.25,-56.675,90.0,top
R1121,10K,R_0603_1608Metric,84.25,-38.675,90.0,top
R1122,10K,R_0603_1608Metric,86.25,-27.25,-90.0,top
R1123,220K,R_0805_2012Metric,87.25,-141.65,-90.0,top
R1124,220K,R_0805_2012Metric,87.25,-125.7375,-90.0,top
R1125,220K,R_0805_2012Metric,87.25,-109.5625,-90.0,top
R1126,220K,R_0805_2012Metric,87.25,-93.65,-90.0,top
R1127,220K,R_0805_2012Metric,87.25,-72.75,-90.0,top
R1128,220K,R_0805_2012Metric,87.25,-56.75,-90.0,top
R1129,220K,R_0805_2012Metric,78.25,-38.75,-90.0,top
R1130,220K,R_0805_2012Metric,78.25,-22.75,-90.0,top
SW1,BOOT,SW_SPST_TL3342,197.9,-109.0,0.0,top
SW2,RST,SW_SPST_TL3342,189.3,-109.0,0.0,top
SW3,UP,SW_SPST_TL3342,217.0,-126.0,0.0,top
SW4,DOWN,SW_SPST_TL3342,217.0,-133.1,0.0,top
SW5,LEFT,SW_SPST_TL3342,207.0,-129.0,0.0,top
SW6,RIGHT,SW_SPST_TL3342,227.0,-129.0,0.0,top
U2,AMS1117-3.3,SOT-223-3_TabPin2,201.0,-136.999999,90.0,top
U4,74AHCT595,SOIC-16_3.9x9.9mm_P1.27mm,141.0,-99.055,90.0,top
U5,74AHCT595,SOIC-16_3.9x9.9mm_P1.27mm,150.5,-75.5,90.0,top
U6,74AHCT595,SOIC-16_3.9x9.9mm_P1.27mm,159.0,-75.5,90.0,top
U7,74AHCT595,SOIC-16_3.9x9.9mm_P1.27mm,168.0,-99.0,90.0,top
U8,74AHCT595,SOIC-16_3.9x9.9mm_P1.27mm,176.0,-99.0,90.0,top
U9,74AHCT595,SOIC-16_3.9x9.9mm_P1.27mm,184.0,-99.0,90.0,top
U10,74AHCT595,SOIC-16_3.9x9.9mm_P1.27mm,192.0,-99.0,90.0,top
U11,74AHCT595,SOIC-16_3.9x9.9mm_P1.27mm,200.0,-99.0,90.0,top
U12,W25Q128JVS,SOIC-8_5.23x5.23mm_P1.27mm,207.0,-168.4,90.0,top
U14,RP2040,QFN-56-1EP_7x7mm_P0.4mm_EP3.2x3.2mm,206.0,-160.0,90.0,top
U15,74HC14,SOIC-14_3.9x8.7mm_P1.27mm,195.0,-116.0,0.0,top
U16,IP2326,QFN-24-1EP_4x4mm_P0.5mm_EP2.6x2.6mm_ThermalVias,119.225,-115.65,180.0,top
U17,MAX1771xSA,SO-8_3.9x4.9mm_P1.27mm,151.575,-123.5,180.0,top
U18,TPS5430DDA,TI_SO-PowerPAD-8_ThermalVias,229.4,-142.3,180.0,top
U1001,74AUP1G32,SOT-23-5,110.8625,-112.05,180.0,top
U1002,4017,SOP-16_4.4x10.4mm_P1.27mm,101.25,-126.0,270.0,top
U1003,4081,SOIC-14_3.9x8.7mm_P1.27mm,110.0,-124.0,90.0,top
U1004,4081,SOIC-14_3.9x8.7mm_P1.27mm,102.0,-39.0,180.0,top
U1005,4017,SOP-16_4.4x10.4mm_P1.27mm,101.25,-115.0,270.0,top
U1006,4017,SOP-16_4.4x10.4mm_P1.27mm,101.25,-104.0,270.0,top
U1007,4017,SOP-16_4.4x10.4mm_P1.27mm,101.25,-93.0,270.0,top
U1008,4017,SOP-16_4.4x10.4mm_P1.27mm,101.25,-82.0,270.0,top
U1009,4017,SOP-16_4.4x10.4mm_P1.27mm,101.25,-71.0,270.0,top
U1011,4017,SOP-16_4.4x10.4mm_P1.27mm,101.25,-60.0,270.0,top
U1012,4017,SOP-16_4.4x10.4mm_P1.27mm,101.25,-48.75,270.0,top
Y1,12M,Crystal_SMD_3225-4Pin_3.2x2.5mm,209.0,-150.175,180.0,top
Y2,Crystal,Crystal_SMD_3215-2Pin_3.2x1.5mm,198.0,-123.0,180.0,top
